Longest Consecutive Sequence,https://leetcode.com/problems/longest-consecutive-sequence/description/
Two Sum,https://leetcode.com/problems/two-sum/description/
Longest Substring Without Repeating Characters,https://leetcode.com/problems/longest-substring-without-repeating-characters/description/
Longest Palindromic Substring,https://leetcode.com/problems/longest-palindromic-substring/description/
Clone Graph,https://leetcode.com/problems/clone-graph/description/
Graph Valid Tree,https://leetcode.com/problems/graph-valid-tree/description/
Palindromic Substrings,https://leetcode.com/problems/palindromic-substrings/description/
Container With Most Water,https://leetcode.com/problems/container-with-most-water/description/
Word Break,https://leetcode.com/problems/word-break/description/
Linked List Cycle,https://leetcode.com/problems/linked-list-cycle/description/
Missing Number,https://leetcode.com/problems/missing-number/description/
3Sum,https://leetcode.com/problems/3sum/description/
Reorder List,https://leetcode.com/problems/reorder-list/description/
Alien Dictionary,https://leetcode.com/problems/alien-dictionary/description/
Encode and Decode Strings,https://leetcode.com/problems/encode-and-decode-strings/description/
Remove Nth Node From End of List,https://leetcode.com/problems/remove-nth-node-from-end-of-list/description/
Valid Parentheses,https://leetcode.com/problems/valid-parentheses/description/
Merge Two Sorted Lists,https://leetcode.com/problems/merge-two-sorted-lists/description/
Merge K Sorted Lists,https://leetcode.com/problems/merge-k-sorted-lists/description/
Maximum Product Subarray,https://leetcode.com/problems/maximum-product-subarray/description/
Find Minimum in Rotated Sorted Array,https://leetcode.com/problems/find-minimum-in-rotated-sorted-array/description/
Search in Rotated Sorted Array,https://leetcode.com/problems/search-in-rotated-sorted-array/description/
Pacific Atlantic Water Flow,https://leetcode.com/problems/pacific-atlantic-water-flow/description/
Combination Sum,https://leetcode.com/problems/combination-sum/description/
Find Median From Data Stream,https://leetcode.com/problems/find-median-from-data-stream/description/
Serialize and Deserialize Binary Tree,https://leetcode.com/problems/serialize-and-deserialize-binary-tree/description/
Longest Repeating Character Replacement,https://leetcode.com/problems/longest-repeating-character-replacement/description/
Longest Increasing Subsequence,https://leetcode.com/problems/longest-increasing-subsequence/description/
Rotate Image,https://leetcode.com/problems/rotate-image/description/
Group Anagrams,https://leetcode.com/problems/group-anagrams/description/
Non Overlapping Intervals,https://leetcode.com/problems/non-overlapping-intervals/description/
Maximum Subarray,https://leetcode.com/problems/maximum-subarray/description/
Spiral Matrix,https://leetcode.com/problems/spiral-matrix/description/
Jump Game,https://leetcode.com/problems/jump-game/description/
Merge Intervals,https://leetcode.com/problems/merge-intervals/description/
Insert Interval,https://leetcode.com/problems/insert-interval/description/
Subtree of Another Tree,https://leetcode.com/problems/subtree-of-another-tree/description/
Unique Paths,https://leetcode.com/problems/unique-paths/description/
Reverse Bits,https://leetcode.com/problems/reverse-bits/description/
Number of 1 Bits,https://leetcode.com/problems/number-of-1-bits/description/
Coin Change,https://leetcode.com/problems/coin-change/description/
Number of Connected Components in an Undirected Graph,https://leetcode.com/problems/number-of-connected-components-in-an-undirected-graph/description/
Climbing Stairs,https://leetcode.com/problems/climbing-stairs/description/
House Robber,https://leetcode.com/problems/house-robber/description/
Number of Islands,https://leetcode.com/problems/number-of-islands/description/
Set Matrix Zeroes,https://leetcode.com/problems/set-matrix-zeroes/description/
Minimum Window Substring,https://leetcode.com/problems/minimum-window-substring/description/
Reverse Linked List,https://leetcode.com/problems/reverse-linked-list/description/
Word Search,https://leetcode.com/problems/word-search/description/
Course Schedule,https://leetcode.com/problems/course-schedule/description/
Implement Trie Prefix Tree,https://leetcode.com/problems/implement-trie-prefix-tree/description/
Counting Bits,https://leetcode.com/problems/counting-bits/description/
Design Add and Search Words Data Structure,https://leetcode.com/problems/design-add-and-search-words-data-structure/description/
Word Search II,https://leetcode.com/problems/word-search-ii/description/
House Robber II,https://leetcode.com/problems/house-robber-ii/description/
Contains Duplicate,https://leetcode.com/problems/contains-duplicate/description/
Decode Ways,https://leetcode.com/problems/decode-ways/description/
Top K Frequent Elements,https://leetcode.com/problems/top-k-frequent-elements/description/
Meeting Rooms II,https://leetcode.com/problems/meeting-rooms-ii/description/
Validate Binary Search Tree,https://leetcode.com/problems/validate-binary-search-tree/description/
Invert Binary Tree,https://leetcode.com/problems/invert-binary-tree/description/
Same Tree,https://leetcode.com/problems/same-tree/description/
Longest Common Subsequence,https://leetcode.com/problems/longest-common-subsequence/description/
Binary Tree Level Order Traversal,https://leetcode.com/problems/binary-tree-level-order-traversal/description/
Kth Smallest Element in a BST,https://leetcode.com/problems/kth-smallest-element-in-a-bst/description/
Maximum Depth of Binary Tree,https://leetcode.com/problems/maximum-depth-of-binary-tree/description/
Construct Binary Tree From Preorder and Inorder Traversal,https://leetcode.com/problems/construct-binary-tree-from-preorder-and-inorder-traversal/description/
Lowest Common Ancestor of a Binary Search Tree,https://leetcode.com/problems/lowest-common-ancestor-of-a-binary-search-tree/description/
Product of Array Except Self,https://leetcode.com/problems/product-of-array-except-self/description/
Valid Anagram,https://leetcode.com/problems/valid-anagram/description/
Sum of Two Integers,https://leetcode.com/problems/sum-of-two-integers/description/
Meeting Rooms,https://leetcode.com/problems/meeting-rooms/description/
Best Time to Buy and Sell Stock,https://leetcode.com/problems/best-time-to-buy-and-sell-stock/description/
Binary Tree Maximum Path Sum,https://leetcode.com/problems/binary-tree-maximum-path-sum/description/
Valid Palindrome,https://leetcode.com/problems/valid-palindrome/description/
