Two Sum,https://leetcode.com/problems/two-sum/description/
Add Two Numbers,https://leetcode.com/problems/add-two-numbers/description/
Longest Substring Without Repeating Characters,https://leetcode.com/problems/longest-substring-without-repeating-characters/description/
Median of Two Sorted Arrays,https://leetcode.com/problems/median-of-two-sorted-arrays/description/
Longest Palindromic Substring,https://leetcode.com/problems/longest-palindromic-substring/description/
Coin Change II,https://leetcode.com/problems/coin-change-ii/description/
Reverse Integer,https://leetcode.com/problems/reverse-integer/description/
Count Good Nodes in Binary Tree,https://leetcode.com/problems/count-good-nodes-in-binary-tree/description/
Regular Expression Matching,https://leetcode.com/problems/regular-expression-matching/description/
Container With Most Water,https://leetcode.com/problems/container-with-most-water/description/
Rotting Oranges,https://leetcode.com/problems/rotting-oranges/description/
3Sum,https://leetcode.com/problems/3sum/description/
Letter Combinations of a Phone Number,https://leetcode.com/problems/letter-combinations-of-a-phone-number/description/
Remove Nth Node From End of List,https://leetcode.com/problems/remove-nth-node-from-end-of-list/description/
Valid Parentheses,https://leetcode.com/problems/valid-parentheses/description/
Merge Two Sorted Lists,https://leetcode.com/problems/merge-two-sorted-lists/description/
Generate Parentheses,https://leetcode.com/problems/generate-parentheses/description/
Merge K Sorted Lists,https://leetcode.com/problems/merge-k-sorted-lists/description/
Reverse Nodes in K Group,https://leetcode.com/problems/reverse-nodes-in-k-group/description/
Diameter of Binary Tree,https://leetcode.com/problems/diameter-of-binary-tree/description/
Search in Rotated Sorted Array,https://leetcode.com/problems/search-in-rotated-sorted-array/description/
Valid Sudoku,https://leetcode.com/problems/valid-sudoku/description/
Combination Sum,https://leetcode.com/problems/combination-sum/description/
Combination Sum II,https://leetcode.com/problems/combination-sum-ii/description/
Trapping Rain Water,https://leetcode.com/problems/trapping-rain-water/description/
Multiply Strings,https://leetcode.com/problems/multiply-strings/description/
Jump Game II,https://leetcode.com/problems/jump-game-ii/description/
Permutations,https://leetcode.com/problems/permutations/description/
Rotate Image,https://leetcode.com/problems/rotate-image/description/
Group Anagrams,https://leetcode.com/problems/group-anagrams/description/
Powx N,https://leetcode.com/problems/powx-n/description/
N Queens,https://leetcode.com/problems/n-queens/description/
Maximum Subarray,https://leetcode.com/problems/maximum-subarray/description/
Spiral Matrix,https://leetcode.com/problems/spiral-matrix/description/
Jump Game,https://leetcode.com/problems/jump-game/description/
Merge Intervals,https://leetcode.com/problems/merge-intervals/description/
Insert Interval,https://leetcode.com/problems/insert-interval/description/
Permutation in String,https://leetcode.com/problems/permutation-in-string/description/
Subtree of Another Tree,https://leetcode.com/problems/subtree-of-another-tree/description/
Unique Paths,https://leetcode.com/problems/unique-paths/description/
Plus One,https://leetcode.com/problems/plus-one/description/
Climbing Stairs,https://leetcode.com/problems/climbing-stairs/description/
Edit Distance,https://leetcode.com/problems/edit-distance/description/
Set Matrix Zeroes,https://leetcode.com/problems/set-matrix-zeroes/description/
Search a 2D Matrix,https://leetcode.com/problems/search-a-2d-matrix/description/
Minimum Window Substring,https://leetcode.com/problems/minimum-window-substring/description/
Subsets,https://leetcode.com/problems/subsets/description/
Word Search,https://leetcode.com/problems/word-search/description/
Largest Rectangle in Histogram,https://leetcode.com/problems/largest-rectangle-in-histogram/description/
Subsets II,https://leetcode.com/problems/subsets-ii/description/
Decode Ways,https://leetcode.com/problems/decode-ways/description/
Detect Squares,https://leetcode.com/problems/detect-squares/description/
Interleaving String,https://leetcode.com/problems/interleaving-string/description/
Validate Binary Search Tree,https://leetcode.com/problems/validate-binary-search-tree/description/
Same Tree,https://leetcode.com/problems/same-tree/description/
Binary Tree Level Order Traversal,https://leetcode.com/problems/binary-tree-level-order-traversal/description/
Last Stone Weight,https://leetcode.com/problems/last-stone-weight/description/
Maximum Depth of Binary Tree,https://leetcode.com/problems/maximum-depth-of-binary-tree/description/
Construct Binary Tree From Preorder and Inorder Traversal,https://leetcode.com/problems/construct-binary-tree-from-preorder-and-inorder-traversal/description/
Task Scheduler,https://leetcode.com/problems/task-scheduler/description/
Balanced Binary Tree,https://leetcode.com/problems/balanced-binary-tree/description/
Distinct Subsequences,https://leetcode.com/problems/distinct-subsequences/description/
Best Time to Buy and Sell Stock,https://leetcode.com/problems/best-time-to-buy-and-sell-stock/description/
Binary Tree Maximum Path Sum,https://leetcode.com/problems/binary-tree-maximum-path-sum/description/
Valid Palindrome,https://leetcode.com/problems/valid-palindrome/description/
Word Ladder,https://leetcode.com/problems/word-ladder/description/
Longest Consecutive Sequence,https://leetcode.com/problems/longest-consecutive-sequence/description/
Surrounded Regions,https://leetcode.com/problems/surrounded-regions/description/
Palindrome Partitioning,https://leetcode.com/problems/palindrome-partitioning/description/
Clone Graph,https://leetcode.com/problems/clone-graph/description/
Gas Station,https://leetcode.com/problems/gas-station/description/
Palindromic Substrings,https://leetcode.com/problems/palindromic-substrings/description/
Single Number,https://leetcode.com/problems/single-number/description/
Copy List With Random Pointer,https://leetcode.com/problems/copy-list-with-random-pointer/description/
Word Break,https://leetcode.com/problems/word-break/description/
Linked List Cycle,https://leetcode.com/problems/linked-list-cycle/description/
Reorder List,https://leetcode.com/problems/reorder-list/description/
LRU Cache,https://leetcode.com/problems/lru-cache/description/
Evaluate Reverse Polish Notation,https://leetcode.com/problems/evaluate-reverse-polish-notation/description/
Maximum Product Subarray,https://leetcode.com/problems/maximum-product-subarray/description/
Find Minimum in Rotated Sorted Array,https://leetcode.com/problems/find-minimum-in-rotated-sorted-array/description/
Min Stack,https://leetcode.com/problems/min-stack/description/
Valid Parenthesis String,https://leetcode.com/problems/valid-parenthesis-string/description/
Two Sum II Input Array Is Sorted,https://leetcode.com/problems/two-sum-ii-input-array-is-sorted/description/
Min Cost to Connect All Points,https://leetcode.com/problems/min-cost-to-connect-all-points/description/
Redundant Connection,https://leetcode.com/problems/redundant-connection/description/
Max Area of Island,https://leetcode.com/problems/max-area-of-island/description/
Reverse Bits,https://leetcode.com/problems/reverse-bits/description/
Number of 1 Bits,https://leetcode.com/problems/number-of-1-bits/description/
House Robber,https://leetcode.com/problems/house-robber/description/
Binary Tree Right Side View,https://leetcode.com/problems/binary-tree-right-side-view/description/
Number of Islands,https://leetcode.com/problems/number-of-islands/description/
Happy Number,https://leetcode.com/problems/happy-number/description/
Reverse Linked List,https://leetcode.com/problems/reverse-linked-list/description/
Course Schedule,https://leetcode.com/problems/course-schedule/description/
Implement Trie Prefix Tree,https://leetcode.com/problems/implement-trie-prefix-tree/description/
Course Schedule II,https://leetcode.com/problems/course-schedule-ii/description/
Design Add and Search Words Data Structure,https://leetcode.com/problems/design-add-and-search-words-data-structure/description/
Word Search II,https://leetcode.com/problems/word-search-ii/description/
House Robber II,https://leetcode.com/problems/house-robber-ii/description/
Kth Largest Element in an Array,https://leetcode.com/problems/kth-largest-element-in-an-array/description/
Contains Duplicate,https://leetcode.com/problems/contains-duplicate/description/
Invert Binary Tree,https://leetcode.com/problems/invert-binary-tree/description/
Daily Temperatures,https://leetcode.com/problems/daily-temperatures/description/
Longest Common Subsequence,https://leetcode.com/problems/longest-common-subsequence/description/
Kth Smallest Element in a BST,https://leetcode.com/problems/kth-smallest-element-in-a-bst/description/
Network Delay Time,https://leetcode.com/problems/network-delay-time/description/
Lowest Common Ancestor of a Binary Search Tree,https://leetcode.com/problems/lowest-common-ancestor-of-a-binary-search-tree/description/
Min Cost Climbing Stairs,https://leetcode.com/problems/min-cost-climbing-stairs/description/
Product of Array Except Self,https://leetcode.com/problems/product-of-array-except-self/description/
Sliding Window Maximum,https://leetcode.com/problems/sliding-window-maximum/description/
Valid Anagram,https://leetcode.com/problems/valid-anagram/description/
Meeting Rooms,https://leetcode.com/problems/meeting-rooms/description/
Meeting Rooms II,https://leetcode.com/problems/meeting-rooms-ii/description/
Partition Labels,https://leetcode.com/problems/partition-labels/description/
Graph Valid Tree,https://leetcode.com/problems/graph-valid-tree/description/
Missing Number,https://leetcode.com/problems/missing-number/description/
Alien Dictionary,https://leetcode.com/problems/alien-dictionary/description/
Encode and Decode Strings,https://leetcode.com/problems/encode-and-decode-strings/description/
Kth Largest Element in a Stream,https://leetcode.com/problems/kth-largest-element-in-a-stream/description/
Binary Search,https://leetcode.com/problems/binary-search/description/
Swim in Rising Water,https://leetcode.com/problems/swim-in-rising-water/description/
Walls and Gates,https://leetcode.com/problems/walls-and-gates/description/
Find the Duplicate Number,https://leetcode.com/problems/find-the-duplicate-number/description/
Cheapest Flights Within K Stops,https://leetcode.com/problems/cheapest-flights-within-k-stops/description/
Find Median From Data Stream,https://leetcode.com/problems/find-median-from-data-stream/description/
Serialize and Deserialize Binary Tree,https://leetcode.com/problems/serialize-and-deserialize-binary-tree/description/
Longest Increasing Subsequence,https://leetcode.com/problems/longest-increasing-subsequence/description/
Best Time to Buy and Sell Stock With Cooldown,https://leetcode.com/problems/best-time-to-buy-and-sell-stock-with-cooldown/description/
Burst Balloons,https://leetcode.com/problems/burst-balloons/description/
Coin Change,https://leetcode.com/problems/coin-change/description/
Number of Connected Components in an Undirected Graph,https://leetcode.com/problems/number-of-connected-components-in-an-undirected-graph/description/
Longest Increasing Path in a Matrix,https://leetcode.com/problems/longest-increasing-path-in-a-matrix/description/
Reconstruct Itinerary,https://leetcode.com/problems/reconstruct-itinerary/description/
Counting Bits,https://leetcode.com/problems/counting-bits/description/
Top K Frequent Elements,https://leetcode.com/problems/top-k-frequent-elements/description/
Design Twitter,https://leetcode.com/problems/design-twitter/description/
Hand of Straights,https://leetcode.com/problems/hand-of-straights/description/
Sum of Two Integers,https://leetcode.com/problems/sum-of-two-integers/description/
Car Fleet,https://leetcode.com/problems/car-fleet/description/
Koko Eating Bananas,https://leetcode.com/problems/koko-eating-bananas/description/
Partition Equal Subset Sum,https://leetcode.com/problems/partition-equal-subset-sum/description/
Pacific Atlantic Water Flow,https://leetcode.com/problems/pacific-atlantic-water-flow/description/
Longest Repeating Character Replacement,https://leetcode.com/problems/longest-repeating-character-replacement/description/
Non Overlapping Intervals,https://leetcode.com/problems/non-overlapping-intervals/description/
Minimum Interval to Include Each Query,https://leetcode.com/problems/minimum-interval-to-include-each-query/description/
Merge Triplets to Form Target Triplet,https://leetcode.com/problems/merge-triplets-to-form-target-triplet/description/
Target Sum,https://leetcode.com/problems/target-sum/description/
K Closest Points to Origin,https://leetcode.com/problems/k-closest-points-to-origin/description/
Time Based Key Value Store,https://leetcode.com/problems/time-based-key-value-store/description/
